ID,y
1,80.20581
2,98.32759
3,79.49861
4,80.20581
5,114.79175
8,102.401764
10,112.675095
11,98.08836
12,116.82445
14,100.00024
15,116.82445
16,107.41961
17,103.80356
19,98.1514
20,105.48994
21,103.80356
22,117.104904
23,103.80356
26,97.36752
28,97.06575
29,95.3482
33,95.3482
35,95.05491
41,95.050835
42,94.64712
43,117.18297
45,102.59997
46,103.32911
51,94.22252
53,79.09503
55,116.71933
56,94.52029
57,104.104195
58,94.68449
59,103.457825
63,113.20443
64,94.47087
65,104.856094
69,94.72675
71,94.72923
72,104.53793
73,94.31162
76,103.02347
77,104.17684
78,115.67778
82,94.31162
83,104.94916
84,94.08737
85,103.52391
87,112.834435
88,94.48289
89,113.84395
91,94.00594
93,94.75913
94,105.26
95,93.58698
96,112.975
97,94.90607
98,112.370026
99,94.099075
101,103.60871
103,113.84395
104,94.76748
105,112.86431
110,94.793884
111,112.909004
113,111.800156
114,94.19658
115,114.55722
117,112.88022
120,96.337456
121,112.57072
122,95.10138
123,115.78018
126,112.71976
132,112.413994
135,104.17543
137,103.370476
138,94.38595
140,94.52029
142,112.2034
144,112.68254
148,94.98549
149,114.10886
155,94.05841
156,111.87071
157,94.90607
162,112.20322
163,94.53145
167,94.26275
172,116.01143
179,114.49863
180,94.91965
181,111.155266
182,94.383064
183,112.88022
185,112.88022
187,111.9809
188,94.31162
189,94.02427
191,94.451096
192,113.86056
193,94.252045
194,111.52608
195,94.19737
196,113.26274
198,98.16186
199,112.68254
201,103.71889
204,94.38595
205,106.56253
206,93.89105
210,93.997406
211,103.60871
216,111.54457
219,115.77305
220,94.44101
221,111.12036
226,111.155266
227,96.217316
228,111.87071
230,111.87071
231,94.532074
235,115.867775
236,94.41707
238,112.05182
242,104.33705
243,94.00594
244,79.64908
245,110.47998
247,112.981026
248,94.11468
249,94.56184
250,111.444565
251,94.41707
253,115.867775
254,94.54749
256,94.21149
257,94.34738
258,116.37779
259,94.099075
262,82.59333
266,93.736984
267,111.73251
272,103.53387
273,112.88022
275,94.96444
276,112.381226
279,94.24836
280,104.94916
283,94.295235
285,111.83984
288,112.78163
289,93.78933
290,103.71889
291,94.08651
292,111.26469
293,111.45803
296,94.77219
297,112.15858
298,114.71405
299,94.31162
304,94.14817
305,95.69853
306,94.29684
307,111.155266
311,109.07201
313,111.155266
314,94.1662
316,94.2157
324,93.80807
327,94.060814
329,94.13
330,111.52608
337,103.015564
338,94.38642
339,103.65131
340,94.341156
343,94.407715
345,115.77305
346,94.129135
347,111.701645
349,110.70185
350,94.10186
352,113.00791
353,93.84401
354,79.800385
357,94.26612
358,113.100235
362,112.466156
364,115.33031
365,103.52128
366,94.25388
367,111.842735
368,94.60754
370,78.27305
373,94.68449
377,93.92436
378,111.383255
382,103.02347
384,111.83984
390,93.542244
392,112.08053
393,112.59418
395,94.351166
396,104.43014
399,78.359985
406,111.155266
408,111.155266
409,94.298
410,78.5398
412,113.10601
413,94.17053
419,93.58698
420,113.03964
421,94.17053
430,101.94344
434,94.167885
436,94.10061
437,94.52029
438,94.362785
439,112.65167
440,94.26232
443,113.22783
446,94.44058
448,94.14516
452,94.372375
453,103.80078
457,104.376755
458,94.25441
459,114.2225
460,104.33907
462,105.08573
464,103.89058
465,115.77305
467,114.78296
471,112.920586
472,78.48714
473,96.23697
475,94.38595
480,94.87714
488,112.022865
490,111.155266
491,104.24797
492,78.73642
493,94.26612
497,93.81497
498,111.46265
499,94.47141
500,104.14463
501,94.25441
502,111.701645
506,78.64429
510,112.16361
511,94.09893
512,94.13
516,94.51691
518,94.070755
519,111.701645
521,93.954185
522,112.18748
526,112.81305
529,95.87963
532,111.66673
533,94.40508
536,113.15259
537,102.3757
539,94.31162
540,104.26658
541,94.30616
543,94.02427
546,113.335754
547,94.41707
548,79.4305
551,94.21149
552,104.14803
556,104.63043
557,94.89521
558,111.842735
559,94.33369
560,106.9582
562,107.08379
566,94.773926
570,111.46265
571,94.52029
572,105.607025
573,94.31162
575,115.77305
576,113.728714
577,94.23158
579,94.26575
580,111.24688
581,112.413994
589,111.155266
591,103.505875
593,94.41532
594,104.49607
595,94.44023
598,94.21149
602,112.04623
604,113.00791
606,112.32113
608,94.25388
609,104.26658
610,94.22252
616,111.701645
617,94.58061
618,102.972084
620,104.01889
622,112.52617
623,94.336136
624,127.42773
626,111.66673
628,111.57714
629,94.3052
630,111.83984
637,94.583855
638,103.781075
643,93.74246
645,94.87714
646,118.82353
648,94.91358
652,94.81872
653,94.52029
654,111.46265
656,113.08554
657,97.72312
659,94.12211
660,104.18226
663,94.65987
664,113.520195
666,103.54802
668,110.96061
669,93.72499
671,94.80048
675,94.51691
677,94.46186
678,110.142685
679,104.77291
682,94.86275
685,103.73575
687,94.30616
688,94.12213
693,112.13977
696,94.060814
698,94.47128
701,95.11313
704,104.75488
705,115.77305
709,114.045975
710,94.240616
711,104.4752
712,94.66605
714,111.52493
715,94.372734
716,111.004585
717,94.57222
720,115.77305
721,94.451096
724,103.68316
725,94.38595
726,111.46168
728,111.435776
731,94.699745
734,104.26156
738,94.49392
745,111.11228
746,94.13
751,78.54625
754,94.64239
756,94.60661
758,95.263794
759,112.1038
761,115.867775
766,94.66847
767,112.296364
768,94.336136
769,113.366554
770,94.7158
771,78.73642
772,104.090416
773,94.21149
774,110.97661
776,111.68916
777,98.397675
780,116.01143
782,104.26658
787,103.38028
788,94.31162
792,94.336136
793,111.50776
798,94.872025
800,94.407585
806,111.004585
809,111.70007
811,113.101135
812,93.938736
814,115.77305
816,103.59994
817,94.555275
818,106.09822
820,112.29845
823,94.25441
829,94.31054
830,112.578415
831,93.66751
834,112.45162
839,94.44982
841,81.41146
844,104.24797
845,94.22252
848,94.14817
850,99.30258
851,104.33907
852,93.96279
854,94.10537
855,95.0254
856,103.76954
859,103.995224
861,110.97661
864,94.19069
865,110.97661
866,94.34003
867,94.3194
869,94.95867
871,93.88881
872,111.2333
882,103.73301
883,94.167885
885,94.38831
888,94.060814
893,111.2333
901,110.142685
903,104.24797
904,94.481125
905,104.090416
910,94.87714
911,111.32976
914,113.38068
918,113.03055
921,94.358246
928,94.44913
929,104.14803
932,93.94926
933,104.66904
934,95.02006
935,111.72558
937,79.91068
939,94.454544
940,103.47953
941,94.40904
942,103.637024
943,94.614204
944,104.090416
947,111.2333
949,112.25923
951,111.29045
952,94.38019
953,104.24797
954,79.53899
957,111.91788
959,94.358246
960,113.63074
963,115.77305
965,111.2333
967,104.05247
971,94.538765
972,79.53388
973,94.75416
974,112.09898
975,95.17728
978,114.44719
980,113.314804
981,94.56941
984,113.38068
986,95.02006
988,94.47906
989,112.1954
990,103.43831
992,110.2856
996,94.66321
999,113.36277
1000,94.39743
1001,110.97661
1002,94.56466
1003,111.91788
1004,94.26871
1008,111.13552
1009,94.24426
1010,111.2515
1012,117.89185
1013,94.79979
1014,112.70187
1015,93.98693
1016,115.77305
1019,94.25215
1020,112.76694
1021,95.02006
1022,104.91724
1024,95.02006
1025,80.00242
1027,94.70955
1028,104.08046
1029,94.99892
1030,94.55153
1033,112.7297
1036,96.76495
1037,111.86972
1038,94.09488
1042,94.454544
1043,104.248184
1044,94.28882
1045,111.456696
1047,114.361824
1050,94.16719
1051,111.2333
1054,94.39733
1056,94.56941
1057,94.31081
1059,94.344124
1062,101.61129
1063,105.744705
1064,94.56941
1066,94.35441
1070,103.81215
1076,111.456696
1077,104.191055
1078,113.22639
1080,111.904625
1082,112.293205
1083,94.203735
1089,111.14672
1091,94.203735
1093,94.5835
1097,94.72353
1099,94.10483
1101,95.02006
1103,95.17728
1104,112.75149
1106,112.01186
1109,94.197
1110,111.60411
1111,94.62829
1112,113.14848
1114,94.36544
1116,94.50873
1117,112.12916
1120,94.76411
1124,113.22639
1125,94.79004
1126,111.59832
1134,111.77968
1137,94.70476
1138,112.81464
1144,111.2333
1145,94.58315
1146,94.30912
1148,95.17728
1150,94.76411
1152,104.24797
1153,94.47173
1154,104.09116
1155,94.454544
1157,94.16896
1162,94.454544
1165,112.7297
1166,94.016426
1167,104.16238
1168,95.02006
1169,103.995224
1171,115.867775
1172,95.13174
1173,103.995224
1174,94.44801
1176,95.261925
1177,104.472145
1178,94.50265
1182,112.09898
1186,96.00496
1187,114.10202
1188,95.68965
1189,116.01143
1191,104.748886
1192,95.439445
1197,112.44791
1198,95.29075
1200,79.53388
1201,95.5002
1203,96.03274
1209,115.77305
1214,104.16258
1218,111.77925
1222,96.02973
1226,95.50826
1228,95.55907
1230,95.063995
1232,79.592995
1233,95.19924
1236,114.361824
1238,95.43884
1241,111.2333
1244,104.17899
1246,96.02973
1247,113.75197
1250,113.10565
1251,95.394806
1254,113.03055
1255,95.43884
1256,110.43303
1257,94.73777
1258,95.63463
1259,111.2333
1260,95.531906
1263,111.2333
1267,79.37218
1268,111.67811
1271,94.80146
1272,111.2333
1274,104.932144
1275,94.80146
1276,111.2333
1277,94.441795
1279,94.65604
1281,94.70035
1282,95.051674
1283,113.47608
1285,112.54448
1286,94.9509
1289,111.80971
1296,113.8944
1299,95.11102
1301,95.010124
1306,94.688065
1307,94.701324
1308,94.66973
1313,111.29824
1314,94.88563
1315,111.66905
1316,94.80098
1317,111.29824
1319,94.638016
1323,95.36698
1324,104.28861
1325,94.83105
1328,104.33839
1329,94.91633
1330,111.04155
1331,94.54959
1332,104.1547
1337,95.37557
1338,112.61059
1339,94.44402
1340,114.08912
1343,114.91487
1347,104.38609
1348,94.79605
1349,104.011795
1352,94.65604
1354,95.515236
1359,113.55216
1360,95.36698
1363,111.29824
1364,94.55066
1365,103.807556
1366,94.81655
1372,94.90516
1375,104.23304
1376,94.65772
1378,94.3354
1379,113.5216
1380,95.36698
1381,103.995224
1384,113.51931
1387,95.11102
1388,112.14277
1392,78.94533
1394,103.8134
1395,94.77391
1396,111.29824
1398,94.70689
1399,111.29824
1400,94.62734
1401,94.77597
1403,94.62109
1404,112.627525
1406,111.29824
1407,94.71236
1408,111.29824
1410,79.455345
1412,111.29824
1413,94.93042
1415,94.83099
1420,111.29824
1422,111.84419
1423,107.305984
1424,111.29824
1425,94.823524
1426,79.455345
1427,95.39476
1429,94.28528
1430,112.59891
1431,95.515236
1432,103.906044
1434,112.87107
1437,94.80146
1438,104.21206
1440,111.80019
1441,113.086624
1442,94.75597
1444,112.225975
1445,94.83099
1446,104.26658
1448,94.418274
1453,94.88333
1454,111.29824
1455,94.80146
1456,113.29956
1458,111.29824
1459,94.397
1461,94.63568
1465,95.11102
1466,111.99046
1469,95.36698
1472,94.88333
1474,94.74425
1477,111.42251
1479,111.58528
1482,94.92625
1483,79.67616
1487,95.056465
1488,111.52759
1490,113.32028
1492,110.70459
1494,116.07637
1496,103.819046
1497,94.958755
1499,95.38505
1502,94.68053
1507,111.53205
1508,94.65604
1509,111.58528
1511,94.619835
1512,111.72943
1513,113.44255
1514,103.57292
1518,112.79465
1519,94.66037
1522,111.80971
1524,79.61705
1527,94.9366
1529,95.150055
1532,103.632195
1536,113.29133
1537,115.83799
1539,105.88562
1542,113.02361
1543,94.83836
1544,104.36801
1545,80.1398
1550,94.83836
1551,111.54892
1554,108.22615
1556,104.60936
1559,94.21002
1560,79.74255
1562,95.38628
1566,94.84101
1567,111.98282
1569,104.34629
1570,113.213425
1571,111.37965
1574,94.83668
1578,104.627975
1580,94.9135
1583,111.8091
1584,94.83668
1585,111.41903
1586,95.27721
1587,111.98282
1588,94.8858
1590,113.48179
1592,103.7997
1596,115.17255
1598,111.64659
1599,94.893
1604,114.31023
1606,103.90325
1607,95.11106
1608,103.50997
1609,115.93272
1611,95.15055
1613,94.91884
1616,95.470345
1619,111.790115
1620,95.17585
1621,112.08298
1622,95.01125
1625,110.45071
1627,116.032875
1629,111.49963
1634,95.55652
1636,94.98213
1638,104.06585
1639,95.05575
1641,95.67556
1643,95.05471
1644,104.35323
1645,116.55824
1646,95.61421
1647,108.62877
1648,95.41872
1652,95.01366
1653,113.391495
1656,95.49808
1658,94.99316
1659,111.76921
1661,94.90159
1663,95.21122
1664,112.927574
1665,95.08226
1666,104.70952
1667,104.70882
1668,79.603325
1669,103.812454
1670,95.09946
1672,112.894806
1674,112.866974
1677,111.62775
1678,95.35502
1679,112.01006
1680,95.51732
1683,104.60959
1686,105.557976
1687,111.94435
1689,112.08587
1690,94.900635
1691,115.93815
1692,112.956955
1693,94.93684
1695,94.79491
1696,95.16413
1697,111.76921
1700,104.70952
1701,95.19731
1702,112.08298
1703,95.06198
1704,113.17302
1706,95.483444
1707,113.54578
1708,95.19713
1710,95.35143
1711,104.55197
1713,104.802345
1717,104.484406
1719,104.728134
1720,94.99316
1722,94.93865
1725,104.002945
1726,95.19713
1727,104.644806
1729,112.60101
1730,94.968864
1731,111.78215
1733,104.70952
1734,94.93865
1735,111.94435
1738,95.019
1742,95.66974
1745,112.866974
1747,95.19731
1749,95.24205
1751,95.19713
1752,79.61705
1753,105.02827
1754,94.9221
1755,95.156586
1756,105.007126
1758,112.21812
1759,96.35873
1760,105.048744
1761,111.9882
1762,95.99906
1763,111.84321
1764,94.97717
1766,96.73159
1768,96.38831
1769,79.455345
1771,111.38761
1772,96.32107
1773,106.77257
1774,96.77928
1775,113.48487
1777,111.993385
1779,96.35873
1780,109.45976
1787,96.33845
1788,96.08364
1790,96.473595
1796,112.264084
1801,94.82139
1803,95.13727
1807,112.894806
1809,114.83974
1812,94.60008
1813,112.508545
1814,94.93191
1815,112.12631
1816,95.550415
1818,94.48543
1820,94.50674
1821,113.580345
1822,94.76475
1825,94.635086
1826,104.335556
1828,94.91567
1831,104.05634
1836,113.55021
1837,94.700676
1841,94.7436
1844,103.840485
1848,94.07617
1851,106.00636
1852,94.55
1853,94.851974
1854,110.985054
1856,94.51426
1859,114.83974
1860,95.03648
1861,79.54641
1863,104.21037
1865,94.75531
1866,105.32547
1867,95.42996
1868,94.78053
1872,94.700676
1879,94.48879
1880,104.3693
1882,94.52573
1885,104.335556
1887,103.9648
1888,94.88763
1890,114.38336
1894,94.73754
1895,103.48296
1896,95.27722
1897,114.013725
1900,111.99032
1901,94.02873
1902,112.049164
1905,94.72879
1906,111.621796
1912,104.22505
1915,95.13727
1916,103.685684
1917,94.814896
1918,104.27794
1920,79.541306
1923,95.1476
1924,104.995636
1925,94.91567
1930,116.032875
1932,111.3984
1933,94.19713
1934,112.42384
1935,94.02873
1940,79.3796
1941,94.495125
1942,111.664024
1943,94.777794
1944,94.251854
1945,112.606834
1948,115.93815
1949,94.61918
1952,94.764305
1954,94.65538
1955,111.3984
1958,94.75505
1959,80.06427
1960,111.84321
1963,94.76475
1965,94.65593
1968,104.59985
1969,94.55
1971,94.729416
1972,112.52498
1973,94.65972
1975,94.65972
1977,94.86393
1978,95.33719
1979,111.85519
1981,94.88131
1982,113.51591
1987,112.968704
1988,94.65972
1993,95.08721
1997,94.52573
1999,94.91567
2001,94.73754
2002,113.580345
2003,95.13158
2004,79.609474
2006,111.94478
2007,95.21594
2009,105.915054
2010,94.657196
2013,95.15338
2018,78.892815
2022,104.262955
2024,113.59283
2025,94.830345
2026,104.43005
2030,105.915054
2031,94.675644
2032,104.22505
2033,94.87093
2035,94.6014
2036,111.94478
2037,94.851974
2040,94.73754
2043,114.64484
2044,105.217674
2046,105.53837
2054,112.5277
2055,94.741234
2056,105.91454
2059,94.39635
2060,94.02873
2062,94.78508
2063,114.69984
2066,94.73754
2067,111.86861
2072,95.19717
2073,112.32613
2074,95.35737
2075,113.07632
2076,94.04558
2080,94.75194
2082,94.02873
2085,113.1095
2087,111.931046
2091,112.36887
2092,94.90298
2093,105.91454
2098,94.752266
2101,111.84321
2102,94.48543
2103,79.3796
2105,105.32547
2106,94.80081
2107,113.36369
2110,94.861565
2114,95.61576
2115,111.94478
2117,78.79463
2118,94.22378
2119,103.714455
2120,94.91567
2122,95.29298
2123,112.08298
2126,94.729416
2127,104.436874
2128,94.7436
2129,112.8082
2132,94.87786
2135,104.40133
2138,94.809296
2139,116.032875
2141,112.11353
2142,94.700676
2146,94.76344
2151,113.03829
2157,104.31236
2159,114.466576
2162,94.80081
2164,115.93815
2167,94.30299
2168,111.20399
2171,94.63083
2173,94.729416
2174,104.00588
2175,94.83039
2178,94.80081
2180,94.73754
2185,111.90987
2189,95.167175
2190,111.86861
2192,103.41539
2194,113.580345
2200,116.31897
2201,95.13158
2203,112.664154
2204,95.13158
2205,112.084656
2209,111.06795
2213,103.71757
2214,94.635086
2215,114.07775
2216,95.13158
2218,94.495125
2219,107.83208
2220,95.366325
2222,93.82462
2223,111.92604
2225,112.08587
2226,95.278244
2230,94.48659
2233,111.8039
2234,111.97248
2235,95.13158
2236,79.42857
2237,94.63434
2240,113.94687
2241,94.79922
2248,103.784645
2249,94.85305
2250,112.13258
2252,111.90987
2253,95.19717
2254,112.25079
2256,79.414856
2258,94.56971
2259,112.49958
2262,94.73754
2265,94.80081
2266,104.281624
2269,95.633095
2271,95.51459
2273,94.851974
2274,111.24819
2275,95.13158
2277,94.729805
2279,95.13158
2280,79.42857
2282,94.73754
2283,102.84471
2288,94.65972
2289,111.64468
2291,94.91567
2292,116.27012
2297,95.54893
2298,104.46863
2299,94.93815
2300,113.31253
2301,94.75493
2304,94.741234
2305,105.78783
2306,94.73754
2308,94.04558
2309,112.13258
2311,94.78419
2312,103.46654
2316,103.41539
2321,104.27794
2322,111.94478
2325,103.85407
2326,94.36145
2329,116.27012
2330,94.729805
2331,104.460976
2332,111.8039
2333,94.73754
2334,103.61744
2335,110.522385
2337,112.22571
2338,94.61434
2340,111.8039
2342,95.07556
2345,94.90005
2349,94.71382
2351,79.55408
2352,94.91567
2354,111.3984
2355,113.33258
2357,112.08587
2358,94.71393
2360,94.665665
2361,111.3984
2364,94.75531
2366,95.218414
2369,104.00991
2370,94.9034
2371,111.8039
2373,114.71142
2374,94.78839
2376,112.08298
2378,111.64756
2382,95.4138
2383,94.851974
2386,103.609276
2387,95.28967
2389,94.62018
2390,112.36643
2392,94.20046
2398,113.51471
2399,94.91567
2400,95.19717
2401,114.70854
2402,94.7436
2404,95.89696
2407,113.56484
2408,111.795074
2409,113.13866
2412,79.322716
2413,95.20435
2415,94.809296
2420,113.26698
2422,94.92046
2423,103.37752
2426,94.91567
2432,94.729805
2434,94.68741
2435,94.62018
2436,112.004105
2438,112.64231
2440,112.39751
2443,94.45159
2444,94.61918
2447,103.746765
2450,94.89557
2454,94.75515
2455,112.34851
2459,94.83777
2460,112.233215
2463,95.006546
2465,94.8327
2468,79.26687
2469,95.231804
2474,94.48962
2478,94.810295
2480,94.76933
2481,113.89124
2489,94.83777
2490,105.97888
2492,94.12896
2496,94.83777
2497,112.63428
2500,95.0159
2505,94.83777
2507,94.70163
2508,111.877975
2509,95.17003
2510,83.59107
2513,94.75995
2515,94.83777
2518,94.9522
2519,111.92207
2520,94.9522
2521,112.36012
2523,111.74632
2525,95.02592
2529,111.877975
2530,95.231804
2533,112.06268
2535,94.55051
2538,105.14989
2544,110.99611
2553,112.62908
2556,94.75616
2558,94.75995
2559,114.83743
2560,94.73531
2561,112.234825
2562,95.18688
2563,112.70256
2564,94.787636
2565,111.32623
2567,104.69122
2572,94.94089
2575,95.0159
2576,113.04084
2577,94.60993
2578,94.90104
2579,111.82814
2580,94.433426
2582,113.50655
2583,94.849655
2587,94.58121
2589,112.933624
2590,95.41043
2591,111.877975
2594,94.53966
2597,94.73468
2598,104.37574
2599,94.876465
2600,104.11847
2602,112.68793
2603,94.94089
2604,104.13505
2606,112.00434
2607,79.34209
2608,95.29739
2613,111.777596
2614,94.83012
2615,111.63772
2617,112.35895
2620,95.11022
2623,111.92371
2624,95.61561
2627,111.777596
2629,79.34209
2630,94.42777
2632,95.055664
2636,95.23771
2639,95.72318
2640,103.556366
2642,111.777596
2644,104.08122
2646,112.32561
2647,95.21953
2649,94.991135
2650,106.002815
2652,103.904945
2653,102.95112
2655,107.41594
2657,111.22586
2659,111.09134
2662,94.85182
2663,113.88307
2664,94.57555
2665,103.22371
2670,94.70936
2671,103.19696
2672,94.28922
2675,103.904945
2677,112.23486
2679,112.26974
2683,112.144646
2684,95.409195
2685,94.59019
2688,103.51669
2689,95.85057
2690,104.00362
2693,95.21864
2694,112.44324
2697,101.32496
2699,94.89527
2703,94.39324
2705,103.846176
2709,79.559235
2710,94.69881
2711,114.103775
2712,93.957954
2713,95.06062
2714,112.13008
2715,94.28274
2717,94.65957
2718,112.30804
2720,112.89038
2721,94.86141
2726,95.19512
2728,94.679726
2731,104.00636
2732,111.04898
2734,94.6196
2736,103.904945
2737,94.65439
2738,102.95123
2739,112.96483
2746,94.49498
2749,102.95123
2751,116.80955
2752,103.72665
2753,94.59975
2757,105.5526
2758,94.99605
2759,112.77501
2760,95.25877
2762,111.59536
2764,94.91553
2765,112.13466
2769,111.88722
2771,112.40809
2774,95.283745
2776,94.52605
2777,122.46858
2778,94.02858
2779,112.36287
2782,94.12079
2784,94.80642
2787,94.46753
2789,94.71398
2792,94.79463
2798,94.92491
2799,103.87396
2800,94.916046
2801,83.8447
2802,94.50914
2804,94.52557
2807,103.32048
2808,94.68277
2809,115.5762
2811,115.014725
2812,94.849884
2814,94.78489
2816,94.916046
2817,112.104164
2818,111.075325
2820,112.11031
2821,79.842545
2822,95.27565
2823,104.15165
2824,94.916046
2826,95.11706
2829,94.02858
2834,94.679726
2835,79.42946
2838,94.87735
2839,111.39733
2840,94.16902
2841,110.9236
2842,94.7374
2846,112.13548
2848,95.108215
2849,94.189316
2850,112.08772
2851,94.80066
2853,94.334145
2854,111.735245
2858,111.98308
2861,95.108215
2864,94.02858
2865,113.88307
2866,111.182785
2867,94.37784
2868,112.8981
2870,111.13039
2877,95.31005
2878,111.735245
2880,111.73356
2882,79.328354
2883,95.3418
2884,103.87139
2885,94.80944
2887,94.7374
2888,112.5804
2889,94.809395
2890,104.08122
2891,94.784035
2892,116.18945
2893,94.821594
2898,114.144455
2899,94.56066
2900,112.955826
2901,94.824196
2909,95.36617
2910,114.467606
2911,111.78016
2913,111.06299
2914,96.720116
2918,94.380486
2919,111.76782
2920,94.90517
2921,111.735245
2922,94.44539
2923,102.72415
2925,112.26608
2926,94.333046
2927,111.735245
2929,112.21694
2933,94.17563
2934,112.24398
2936,112.56682
2941,103.07988
2942,94.69881
2943,111.03019
2945,103.78456
2950,94.7045
2951,111.40379
2953,114.213394
2954,94.80914
2955,103.29643
2956,95.29923
2960,95.514435
2962,94.23422
2963,104.95325
2964,103.92319
2966,79.394745
2967,95.52012
2968,112.04725
2969,94.65957
2971,94.450134
2972,95.54878
2974,94.531235
2975,112.21914
2977,116.82779
2980,111.5774
2981,95.1809
2983,94.7155
2984,103.489456
2985,116.25309
2986,104.59943
2987,95.54878
2989,93.97211
2990,112.55462
2991,95.216324
2992,79.056526
2995,101.32496
2996,102.99224
3002,111.98172
3004,112.71562
3005,116.25309
3006,94.91553
3010,95.3418
3011,102.969475
3014,94.333046
3015,94.68662
3016,94.80066
3017,111.213615
3018,94.39846
3021,102.969475
3024,104.099464
3028,94.52441
3030,94.02858
3032,94.72146
3039,95.136
3040,105.227974
3041,94.86141
3043,94.25536
3044,111.680504
3046,111.68868
3055,94.485275
3056,111.85173
3058,94.85182
3059,111.85678
3061,116.207695
3063,104.133
3066,94.897644
3067,104.099464
3068,79.394745
3069,94.86141
3072,113.762924
3073,112.34836
3074,95.05068
3077,94.7045
3082,95.27526
3084,101.32496
3085,112.68396
3088,104.099464
3091,94.398476
3092,112.56645
3093,95.16586
3094,104.024605
3096,111.87255
3097,94.687256
3098,79.328354
3102,115.099365
3106,95.00594
3109,94.299065
3111,94.28831
3112,116.25309
3113,94.86141
3115,95.19702
3116,111.87946
3117,95.35167
3121,111.95104
3122,94.73978
3123,94.91553
3124,104.4319
3125,94.80066
3126,102.39879
3127,116.207695
3129,94.75478
3130,112.85933
3132,103.5231
3134,105.24718
3135,95.17352
3137,79.09494
3138,95.216324
3140,93.911224
3144,112.411415
3145,95.249756
3146,111.726776
3147,94.86141
3148,104.72176
3149,104.41628
3150,112.55734
3151,94.72169
3152,94.8529
3155,95.3937
3156,112.21914
3159,94.61482
3161,95.108215
3162,103.40783
3163,95.3418
3165,103.00915
3172,95.29282
3173,111.888626
3176,94.33355
3177,104.07115
3179,112.21914
3183,94.82925
3186,94.91553
3187,102.901474
3189,111.74251
3190,94.713776
3192,116.207695
3193,95.29282
3194,112.90626
3197,94.80066
3198,94.75516
3200,95.32054
3201,115.78226
3202,94.75516
3204,94.7374
3205,94.80708
3206,113.19617
3208,103.40783
3210,103.17583
3211,94.77311
3212,116.207695
3213,94.63419
3214,111.71129
3216,104.099464
3219,94.79952
3220,111.459785
3221,94.86141
3226,104.83366
3227,95.25811
3228,111.31906
3229,95.04938
3232,79.056526
3233,94.87078
3234,94.75516
3236,94.68277
3238,111.60199
3239,111.47222
3240,94.38226
3247,111.493034
3249,103.99095
3252,123.98892
3253,94.82272
3254,104.03317
3255,94.486435
3256,112.12037
3257,94.822395
3262,94.72932
3263,103.92319
3264,95.29923
3266,112.37415
3267,94.62615
3269,94.73859
3272,116.25309
3274,94.80066
3275,104.94561
3277,94.80914
3279,95.38549
3280,103.82206
3283,94.91689
3285,94.7374
3287,94.21556
3288,104.099464
3290,103.54931
3291,94.63419
3298,111.60228
3299,94.70052
3302,114.99639
3303,95.21579
3304,104.12255
3307,94.52441
3309,95.71718
3314,79.394745
3316,114.60402
3317,94.85967
3319,95.32054
3320,111.49583
3321,94.89527
3322,104.066986
3324,94.75478
3326,94.06436
3329,111.77476
3330,94.687256
3331,111.726776
3335,116.207695
3337,94.58543
3338,104.40633
3339,94.8402
3340,112.11411
3341,94.34882
3343,94.751785
3346,94.29805
3348,95.06965
3351,104.099464
3352,116.25309
3355,94.63931
3356,114.82638
3358,103.56442
3359,94.54985
3360,112.831215
3371,114.07213
3372,94.86141
3374,95.344154
3377,112.197105
3378,94.11175
3380,104.2684
3382,95.108215
3386,94.75516
3389,113.991745
3391,103.788605
3393,95.48672
3394,103.13546
3395,94.91553
3397,112.019135
3398,95.38425
3399,79.46128
3400,95.06965
3404,103.88963
3407,111.69187
3409,104.621315
3419,94.80914
3421,94.55715
3425,94.92222
3427,81.56338
3428,116.25309
3429,112.302185
3431,94.29924
3435,94.47712
3436,113.17856
3439,95.29974
3441,94.26899
3442,116.25309
3443,94.72932
3444,102.969475
3445,94.84051
3446,111.05602
3449,94.02858
3453,94.549614
3457,94.72146
3460,104.099464
3461,95.14832
3462,94.74146
3464,104.133
3465,79.394745
3466,95.06965
3467,104.15827
3468,94.656075
3469,103.823425
3470,102.83566
3472,112.019135
3473,95.11207
3475,94.45094
3476,111.69187
3478,103.93671
3479,95.40655
3483,94.52557
3484,103.76445
3485,95.17352
3487,94.5909
3488,112.21176
3496,111.61108
3497,94.87673
3499,95.514435
3500,79.34209
3501,94.91553
3504,95.2446
3508,105.57032
3511,94.66893
3512,111.948814
3515,94.619026
3517,94.84051
3518,103.077446
3526,112.14902
3528,115.27392
3529,94.83103
3530,112.23119
3531,94.647285
3532,112.04587
3533,94.84189
3534,94.86141
3535,78.60365
3536,95.131424
3537,111.69187
3538,94.48083
3539,111.36849
3540,105.0356
3545,111.69187
3546,94.7401
3550,104.33703
3551,94.93886
3553,94.764595
3554,103.96885
3557,94.63419
3558,112.193405
3559,94.02858
3561,94.63419
3562,112.019135
3563,95.010735
3564,103.96885
3565,94.84051
3567,94.61132
3571,103.96885
3572,94.82272
3574,95.108215
3576,94.70052
3577,111.69187
3578,94.99605
3579,94.70052
3583,94.70936
3585,95.108215
3586,103.423546
3587,112.04609
3593,94.80642
3594,110.0515
3595,95.136
3599,94.7952
3600,103.67811
3601,112.019135
3602,94.02858
3604,94.86378
3609,115.78226
3610,112.60557
3612,111.52302
3614,118.338684
3615,94.79524
3617,95.38549
3618,111.679726
3619,112.12224
3620,112.255135
3621,94.65347
3625,94.39411
3626,103.09098
3630,102.79181
3631,94.511696
3632,103.62432
3633,95.19755
3634,111.679726
3637,94.84707
3639,95.19844
3640,112.46858
3641,94.704735
3644,114.59745
3645,94.74819
3646,94.76646
3647,94.28755
3648,111.46076
3653,111.91133
3654,95.06226
3655,112.48669
3659,102.22112
3660,94.57371
3662,111.92222
3666,94.747185
3668,94.44941
3671,95.06317
3673,94.52436
3674,112.225494
3675,94.58034
3681,93.86135
3682,112.89476
3686,111.66423
3687,94.335205
3692,77.90413
3695,112.29004
3696,95.121704
3699,112.15073
3705,112.707565
3707,78.82225
3708,94.86847
3709,112.7709
3710,94.47852
3712,94.76362
3715,111.545746
3716,94.78319
3720,112.810524
3722,78.82225
3726,95.06752
3728,95.037506
3729,111.795815
3731,102.87142
3735,113.00196
3736,94.95297
3739,102.69868
3741,111.64482
3743,103.098465
3744,94.86847
3745,112.21361
3746,94.84426
3751,94.48485
3753,94.30059
3760,111.80468
3761,94.58034
3762,111.72771
3763,94.664314
3765,94.578224
3768,111.885544
3769,94.65347
3770,103.73066
3773,112.065796
3774,95.25218
3776,94.717545
3778,94.489845
3779,111.8255
3780,94.40318
3781,112.349525
3782,95.05054
3783,111.87791
3784,94.595245
3786,95.06752
3789,111.301544
3790,94.62828
3793,111.43528
3795,111.545746
3797,94.55711
3798,116.20603
3800,113.13151
3804,95.25218
3810,95.061066
3815,112.89476
3816,95.25218
3818,102.82999
3824,111.87791
3828,104.29549
3830,111.503365
3831,95.17358
3832,79.0201
3834,111.91133
3835,94.95889
3836,113.00321
3838,94.60264
3839,116.160645
3840,113.918625
3845,94.686844
3846,111.21943
3847,94.70576
3849,79.07277
3853,111.679726
3855,105.11764
3856,94.54801
3864,78.96047
3865,94.96674
3866,112.91453
3867,94.164314
3868,113.13151
3869,94.78314
3871,94.50885
3875,103.71429
3876,94.90303
3878,94.70811
3879,111.545746
3881,113.13151
3883,111.66099
3884,95.70163
3886,111.77882
3890,95.102516
3893,112.688896
3897,103.2728
3901,94.33753
3902,111.66423
3913,114.20055
3914,94.95889
3916,94.73722
3917,111.21961
3924,105.661354
3925,94.745804
3928,95.42446
3929,112.21881
3932,95.301025
3933,103.82867
3934,78.29161
3935,93.89383
3936,94.75361
3937,111.21943
3938,94.395164
3939,113.00321
3943,94.396164
3944,111.87791
3945,111.545746
3946,95.05525
3947,112.548256
3948,95.08477
3949,111.46076
3950,94.868996
3951,111.44536
3952,94.51253
3953,112.59238
3961,115.652664
3962,94.664314
3966,94.81436
3967,102.89256
3968,95.10174
3969,112.6987
3970,95.467384
3971,105.11816
3973,94.756096
3974,111.46076
3975,111.679726
3977,94.9854
3979,113.5307
3985,94.79952
3986,103.67876
3988,112.72003
3991,94.51963
3992,103.53617
3993,94.691055
3994,95.06226
3995,112.819984
4005,112.06703
4007,94.65347
4008,102.86467
4009,95.156555
4010,114.78598
4011,78.86003
4012,94.60873
4013,105.661354
4015,111.76262
4016,111.91183
4018,112.17209
4025,94.75361
4026,112.17209
4028,112.578285
4029,95.25218
4031,94.774185
4032,111.21961
4033,94.756096
4034,103.6642
4037,93.910904
4038,103.88689
4039,94.48621
4041,94.78314
4042,111.42165
4043,94.66845
4044,103.82867
4045,94.08299
4046,112.9235
4047,95.24135
4048,104.419235
4049,95.263
4051,95.13534
4052,111.46076
4058,103.82867
4062,111.36869
4064,113.54251
4067,94.65347
4068,79.195564
4070,94.38015
4072,115.73521
4074,111.58086
4075,94.20033
4076,113.23647
4077,95.08437
4078,111.91664
4080,103.82867
4082,112.36743
4085,94.70576
4086,112.63691
4088,112.17209
4089,94.75809
4092,79.24823
4094,94.164314
4095,111.337395
4096,94.009674
4097,103.117966
4102,94.20831
4105,122.136086
4107,112.15362
4111,94.64988
4112,103.47409
4113,95.0226
4114,111.43965
4115,95.06226
4116,111.99479
4117,94.43007
4118,94.78314
4119,111.4963
4120,94.81255
4122,81.781166
4125,94.95889
4126,112.60562
4129,111.545746
4134,111.53278
4137,94.65346
4141,103.481964
4142,95.18307
4144,94.60264
4145,105.661354
4146,95.39556
4150,94.51352
4151,78.10495
4154,94.65347
4156,94.68896
4157,111.9186
4159,111.91183
4160,94.68896
4161,111.8255
4168,94.84822
4171,103.47352
4172,106.73531
4173,95.25218
4175,94.40318
4176,103.82867
4177,94.60264
4178,102.99289
4179,94.77198
4181,113.10862
4183,95.25218
4184,113.16614
4185,94.703995
4186,112.21881
4188,118.31042
4190,111.64482
4192,94.371826
4193,112.688896
4194,111.87791
4195,95.16698
4196,79.27824
4202,95.25218
4203,104.26934
4208,95.09676
4209,113.27884
4210,94.164314
4211,111.72771
4212,116.20603
4214,103.5782
4215,94.81436
4216,111.933846
4217,94.484276
4219,94.9701
4222,111.21943
4224,79.69442
4231,103.56538
4232,95.25218
4234,94.06882
4236,94.60264
4237,103.82867
4240,94.57599
4242,103.090515
4243,94.97785
4247,94.95889
4248,111.771484
4249,94.30178
4254,102.82999
4263,94.81436
4265,111.39897
4267,111.62659
4268,111.64482
4271,112.10197
4272,94.70811
4273,111.13002
4274,94.74892
4276,94.39147
4278,94.75361
4280,95.34938
4281,111.21961
4283,94.51444
4284,111.457535
4285,95.13067
4286,111.76961
4287,94.5542
4288,114.1029
4289,94.29459
4290,79.445335
4293,94.43733
4296,111.733154
4297,94.95889
4299,94.13215
4303,112.098976
4310,95.31912
4312,105.102905
4318,103.82867
4320,112.90741
4322,94.24573
4323,113.47428
4325,103.47352
4326,111.545746
4328,104.43437
4330,103.6642
4332,112.72107
4333,94.64252
4335,94.34808
4336,111.32454
4338,104.98045
4341,94.5346
4342,103.46632
4344,103.82867
4347,94.58974
4348,103.82867
4351,105.93038
4352,94.65347
4353,112.733154
4355,102.75675
4356,94.70576
4359,102.69868
4360,94.66845
4361,94.51966
4364,95.03326
4365,103.62978
4368,95.12647
4372,94.949
4374,94.23743
4376,95.0226
4377,103.376495
4380,94.92311
4383,104.664185
4384,94.75361
4385,103.237175
4389,94.08793
4391,94.74819
4392,111.77882
4393,94.75247
4395,94.6561
4396,111.87791
4398,112.965385
4399,103.36939
4401,94.80477
4406,95.263
4408,103.5782
4412,103.82867
4415,94.63835
4418,113.00109
4419,94.23743
4420,79.3309
4422,111.87791
4423,94.23743
4425,94.528496
4428,112.81265
4431,112.38903
4434,93.92961
4436,94.76209
4437,112.91288
4439,116.160645
4440,95.27349
4441,112.14018
4444,95.10174
4445,103.5782
4446,94.66231
4447,113.11056
4452,103.20575
4456,112.33421
4457,95.06697
4458,112.509026
4460,95.06697
4461,116.51898
4462,94.93439
4465,102.462906
4466,105.91545
4468,95.289116
4469,103.40069
4472,113.521095
4475,95.11853
4478,95.2318
4479,111.91197
4480,94.82183
4483,79.07467
4484,94.524
4485,104.056366
4486,95.61481
4488,95.004234
4489,103.37184
4490,94.97115
4491,109.935165
4492,95.12971
4493,106.38685
4494,94.70358
4495,103.26637
4498,79.64903
4499,95.05507
4500,102.97219
4503,113.681915
4505,102.462906
4506,94.87693
4507,94.99106
4508,104.10218
4510,112.659645
4511,94.75994
4513,95.61481
4516,79.69212
4519,95.16095
4521,94.85173
4531,95.28127
4532,79.62573
4533,95.82856
4534,112.32076
4536,104.10218
4537,95.06697
4539,94.84722
4542,103.234695
4545,94.89634
4549,94.78763
4551,94.66094
4554,104.03807
4556,112.13886
4559,112.68316
4561,112.1987
4562,111.403824
4566,111.83311
4569,94.734566
4570,112.10944
4573,94.961784
4574,102.35673
4575,94.79031
4577,94.76164
4578,111.534134
4580,111.930435
4582,94.045784
4583,112.10944
4585,94.915115
4587,103.89292
4595,94.63623
4596,112.5036
4601,95.42091
4602,112.865204
4603,95.09642
4605,112.922066
4606,95.20894
4607,112.89503
4608,94.86502
4610,95.571884
4613,102.95682
4617,94.50963
4618,111.534134
4619,94.52379
4620,95.296196
4622,102.02881
4625,94.85771
4626,103.89292
4627,95.0159
4629,94.30168
4631,94.952194
4633,103.89292
4634,115.06993
4635,94.72712
4639,94.7659
4640,106.54663
4642,103.68309
4644,112.38026
4646,103.89292
4647,95.36109
4648,79.41619
4649,94.734566
4650,114.24614
4655,94.78763
4660,94.896194
4661,113.25865
4662,94.0932
4663,112.732735
4665,95.2318
4666,111.6454
4667,103.81616
4668,95.125275
4670,94.70296
4671,111.60473
4672,95.327255
4673,103.77495
4675,103.7202
4676,94.980896
4677,111.943
4680,95.29011
4682,94.961784
4683,113.796234
4685,103.89292
4686,94.94149
4688,112.19517
4690,112.9479
4692,112.87958
4693,94.4306
4697,94.78763
4700,111.6757
4702,112.013245
4707,116.48409
4708,94.85771
4710,80.16712
4716,101.55939
4717,95.44217
4718,94.49432
4720,95.4968
4721,81.854385
4723,95.477875
4726,111.86499
4727,94.93751
4729,94.692116
4731,95.51796
4732,112.547874
4735,95.40506
4736,103.75855
4737,95.19347
4738,111.386475
4739,111.61986
4744,103.62548
4747,94.49432
4749,113.094536
4750,94.85771
4752,112.19517
4755,95.34621
4756,103.117134
4757,112.42288
4758,95.25625
4759,102.98738
4763,95.68252
4764,103.3812
4765,94.80101
4766,95.154785
4767,114.94361
4769,111.97127
4770,95.5204
4771,77.98338
4772,103.978645
4774,112.19517
4776,114.046165
4777,111.75642
4778,95.371605
4780,95.01603
4784,94.71413
4786,95.51425
4787,79.34908
4788,95.105095
4789,112.19517
4791,103.55483
4792,94.94639
4795,112.631775
4796,94.62444
4803,94.55729
4805,95.73715
4807,95.105095
4809,94.89359
4816,94.93251
4817,82.26382
4818,95.01483
4820,94.87207
4821,102.931526
4823,112.532845
4824,95.65713
4825,111.77135
4829,102.80619
4830,95.63995
4831,114.5125
4833,103.717316
4836,95.34667
4837,112.19517
4838,94.239044
4840,95.60068
4841,79.26574
4842,94.442116
4843,112.417114
4844,94.646416
4849,106.69382
4851,103.91996
4852,94.66106
4858,94.53619
4860,95.73438
4863,112.075165
4864,95.670685
4865,111.87636
4867,113.10286
4868,95.31485
4869,111.78676
4873,94.379
4875,95.70058
4876,112.14275
4877,94.80727
4878,111.61986
4880,79.81107
4886,111.436226
4888,105.11589
4889,95.448944
4890,115.931946
4893,94.73606
4895,94.82812
4896,104.13804
4899,94.39359
4901,95.58337
4902,112.39625
4903,95.566574
4904,112.19517
4910,94.62444
4912,94.54648
4915,95.53555
4916,103.79426
4917,95.05288
4920,103.978645
4927,103.68309
4928,94.73866
4931,103.81616
4934,94.61069
4936,95.08978
4939,112.33378
4942,112.13467
4943,95.73438
4944,103.25177
4945,95.05258
4947,111.61986
4948,94.864876
4951,95.105095
4952,112.19517
4953,94.664085
4956,95.566574
4957,114.04884
4958,94.51533
4960,94.72956
4968,94.5321
4969,103.31606
4971,104.60907
4973,112.19517
4975,115.00241
4976,94.76926
4978,94.813065
4979,112.67677
4982,94.71413
4983,111.593834
4984,94.69171
4985,116.48409
4986,95.66199
4987,116.02816
4988,95.58395
4994,95.18169
4995,95.73438
5002,79.11575
5004,94.66106
5005,103.20329
5006,94.89791
5007,103.07692
5009,112.375786
5011,112.19517
5014,95.052826
5015,103.94027
5018,94.69879
5019,112.631775
5020,94.61069
5021,111.57252
5022,94.94639
5023,95.34571
5025,95.73438
5032,95.39045
5034,94.62444
5036,94.46373
5038,94.995735
5039,111.601074
5046,95.72468
5049,112.631775
5051,95.2149
5052,94.47237
5053,112.19517
5054,95.73438
5055,95.33042
5057,95.00102
5059,94.850655
5062,95.579155
5063,111.977356
5065,112.619675
5069,94.94639
5071,96.132195
5074,114.47786
5075,94.427574
5076,113.0742
5077,79.32093
5079,104.543465
5080,95.490814
5081,112.19517
5083,103.20824
5088,103.42103
5089,94.83548
5093,111.593834
5094,103.72184
5095,94.83548
5099,111.48299
5101,112.23057
5103,103.01435
5104,94.721176
5105,111.713234
5107,95.10121
5108,112.60222
5109,94.628044
5111,94.75064
5112,111.61986
5113,94.64555
5114,111.38216
5115,94.918236
5118,94.77145
5122,95.73438
5123,79.3736
5125,94.901596
5127,103.21499
5128,94.84933
5129,114.03932
5132,94.89791
5134,114.52305
5135,95.105095
5137,113.9604
5142,94.73871
5143,104.61095
5144,95.344345
5148,94.67311
5149,94.8808
5150,105.89903
5154,79.3736
5155,95.47488
5159,94.80367
5164,94.97158
5165,113.90142
5166,94.804054
5167,113.67915
5169,94.61906
5171,95.37337
5172,111.86499
5176,95.66098
5184,111.61101
5185,94.41588
5186,113.3539
5188,105.21814
5189,111.98995
5190,95.00565
5191,113.90142
5193,111.86499
5196,95.33042
5199,78.241035
5200,103.56291
5203,94.28384
5204,112.06467
5205,94.885475
5207,94.84938
5208,110.762955
5212,94.91435
5214,94.8991
5218,94.53796
5220,94.541
5222,95.28007
5224,95.69821
5225,103.83473
5227,110.66024
5229,103.72035
5232,95.02873
5233,116.058655
5234,104.68269
5237,112.45218
5239,113.171196
5240,95.27907
5241,112.88879
5244,94.83116
5248,112.877
5251,95.33035
5253,95.00102
5255,95.13868
5256,102.46037
5257,95.03229
5259,95.752846
5260,113.85237
5266,95.03893
5268,95.6471
5275,112.45218
5276,111.49498
5277,95.39598
5279,95.014145
5280,103.72035
5281,95.35068
5283,96.05025
5284,78.85988
5285,95.73438
5286,105.02616
5287,94.802536
5289,95.4411
5290,112.122
5292,110.987564
5293,95.490814
5294,103.06035
5297,94.713554
5299,103.38594
5302,94.9123
5305,78.31065
5306,94.97836
5308,94.191795
5309,95.70236
5310,112.994064
5312,112.122
5316,114.89188
5317,95.63028
5319,79.3736
5320,95.73438
5323,94.558136
5329,113.308136
5331,111.87687
5334,112.19016
5336,112.48758
5338,103.4289
5341,94.2512
5345,95.5627
5348,95.566574
5349,114.496544
5355,103.755844
5356,95.18254
5360,105.1019
5362,112.30198
5364,113.13659
5366,103.82642
5367,94.481895
5368,94.76189
5370,94.65624
5371,79.32093
5373,103.20824
5375,112.45218
5376,94.239044
5378,112.40364
5379,94.84369
5383,94.67802
5384,102.29416
5389,112.25144
5391,79.446434
5393,111.87484
5395,116.48412
5397,112.1102
5398,94.91211
5399,112.603745
5401,116.78649
5402,94.716415
5403,113.06657
5404,95.71269
5407,79.32093
5408,95.809715
5413,113.132675
5414,94.77115
5417,95.4094
5418,111.65123
5420,113.82126
5421,94.16984
5424,94.81589
5425,112.32167
5426,95.136765
5429,113.54287
5431,94.86025
5437,103.11975
5440,95.388054
5444,103.698296
5446,103.558945
5447,95.226524
5451,95.08731
5452,112.02164
5455,104.68269
5456,95.11448
5458,94.6016
5459,112.917595
5460,95.00409
5462,95.42966
5463,112.152504
5464,94.544655
5465,112.53142
5466,96.211174
5467,103.667595
5468,95.00174
5469,113.14477
5472,95.16876
5474,94.565895
5475,112.871925
5476,95.81336
5479,103.72035
5480,112.190056
5482,112.971176
5485,95.61605
5486,116.78649
5488,79.31165
5495,103.72035
5496,94.84369
5497,112.29077
5499,113.23738
5503,94.49072
5504,94.84917
5507,95.81336
5509,94.77476
5511,95.23179
5512,112.1988
5516,112.190056
5517,95.85593
5518,103.72184
5521,95.11448
5522,103.4289
5527,96.211174
5528,95.26066
5529,112.40199
5532,94.87967
5533,115.821754
5535,107.223045
5536,107.3502
5540,95.22713
5547,94.98294
5548,112.91344
5550,79.14569
5551,94.71686
5554,112.38566
5555,95.234055
5559,112.45786
5560,95.44457
5561,112.76581
5562,94.239044
5563,113.97629
5565,78.58457
5566,94.956856
5567,103.65476
5568,95.38491
5572,95.42966
5574,95.03552
5576,95.07402
5579,112.35369
5580,78.660645
5581,95.56961
5583,95.969574
5584,113.04817
5586,111.85888
5587,94.47835
5589,102.700356
5591,103.09341
5592,94.81764
5593,115.39851
5594,95.56979
5595,79.081184
5596,112.37711
5597,111.95891
5598,116.51101
5599,95.13156
5602,111.73785
5603,95.56979
5605,94.772896
5607,94.39359
5608,112.82
5609,94.55899
5610,95.63217
5612,94.772896
5613,112.1719
5614,94.888596
5616,94.874374
5621,95.58378
5623,94.84299
5628,113.54558
5629,95.06037
5631,95.397705
5633,96.10493
5638,103.49465
5639,94.86967
5640,106.69334
5645,95.06621
5646,79.14569
5649,94.914665
5653,112.87422
5655,113.654366
5656,95.22508
5658,95.16911
5662,116.5564
5663,95.12394
5667,95.524864
5670,95.13156
5671,102.57526
5672,95.18026
5673,103.00034
5674,95.68269
5675,102.45011
5676,95.98157
5679,111.95997
5683,113.2114
5687,96.57447
5688,79.28169
5690,96.291885
5691,112.058304
5692,95.92115
5693,110.46796
5694,96.33356
5697,112.723335
5698,96.81574
5699,111.95997
5704,95.98762
5707,111.95997
5709,103.71387
5710,95.22557
5714,96.50923
5718,96.06507
5721,95.479355
5723,95.9839
5724,113.34858
5725,95.390594
5726,112.60195
5729,97.365
5730,103.43704
5731,95.98762
5733,79.28491
5736,96.39987
5741,101.78296
5745,112.68335
5747,95.86494
5748,103.64862
5750,112.39354
5751,95.896576
5752,95.425064
5754,96.2685
5755,96.5708
5757,97.307335
5758,117.04246
5760,103.0415
5762,103.611404
5766,112.22691
5768,97.365
5769,116.2406
5770,96.539825
5771,112.25749
5772,96.01099
5773,111.944374
5774,95.42881
5776,96.96994
5777,111.95997
5778,95.75609
5780,111.78302
5782,96.46449
5783,79.22903
5784,97.365
5786,96.041626
5788,96.52435
5789,113.78003
5790,96.136246
5791,103.53296
5793,103.79913
5794,95.95573
5796,116.58419
5797,95.64737
5801,95.3202
5803,97.12143
5804,112.90852
5805,96.32454
5806,79.28169
5808,112.65093
5813,95.98762
5815,96.504135
5816,106.427376
5822,96.47676
5823,112.59391
5825,105.45239
5827,113.07891
5829,105.70745
5830,95.33758
5831,113.75137
5832,95.01134
5833,113.309135
5837,113.75416
5838,95.68021
5839,96.68006
5842,107.31737
5844,112.59682
5845,104.821785
5846,111.811584
5848,79.14569
5850,112.92916
5851,95.838844
5853,96.6375
5854,104.832695
5858,107.16482
5860,111.84874
5864,105.02701
5866,95.76582
5867,112.00996
5868,94.573204
5869,111.55889
5870,95.605255
5871,113.25212
5874,113.61543
5876,112.1748
5877,94.91996
5878,94.85879
5879,112.42896
5880,94.66204
5884,94.8906
5886,111.91721
5890,105.95276
5896,94.71424
5897,102.14374
5898,95.6603
5901,104.82024
5903,112.32123
5906,95.32453
5908,111.90408
5909,94.127396
5910,112.14816
5911,94.82153
5912,112.57089
5914,113.50956
5919,112.32123
5924,94.63037
5926,94.685936
5929,101.94419
5930,94.48193
5932,95.656166
5933,114.59481
5934,94.64652
5935,111.65538
5936,94.42288
5937,112.44662
5938,94.27753
5939,111.19263
5942,112.340225
5943,94.65224
5944,102.35458
5946,111.90408
5951,94.60313
5953,101.98131
5954,94.82153
5957,102.40738
5961,94.49852
5962,105.65697
5964,78.65385
5965,95.175446
5968,113.50956
5969,94.40645
5974,95.32453
5975,112.61557
5978,78.99314
5981,102.575226
5982,94.56056
5983,113.811295
5989,112.102135
5991,94.65224
5992,100.94832
5995,94.77277
5996,101.81165
5997,111.43121
5998,95.19975
5999,77.97362
6001,111.3984
6002,94.3368
6003,111.937035
6004,94.82153
6006,111.74678
6007,94.60112
6011,106.29103
6012,101.87909
6014,94.82153
6015,101.94297
6016,95.05219
6017,110.84258
6018,95.6603
6024,94.55957
6025,102.325096
6026,111.51683
6028,110.81701
6029,79.22423
6030,95.015114
6036,112.595856
6040,94.39543
6041,110.65326
6042,95.29524
6044,94.83513
6045,102.302574
6047,102.01112
6048,94.36065
6049,112.893776
6051,116.342
6052,113.29124
6053,94.514275
6054,111.23273
6058,102.164154
6059,94.43349
6062,95.6603
6063,116.342
6064,102.33079
6065,94.39543
6067,95.41352
6068,111.194374
6070,101.944725
6071,104.81537
6072,111.30401
6080,111.30401
6081,94.537834
6084,105.484436
6087,95.458855
6089,103.463394
6092,111.30401
6094,94.58013
6095,111.89646
6097,112.793625
6100,95.06249
6104,102.32752
6105,94.44018
6106,111.517586
6107,78.98414
6108,94.1249
6109,111.30401
6110,94.16903
6114,111.30401
6116,94.4181
6117,101.19817
6118,94.696785
6123,79.29061
6125,111.89646
6128,112.325294
6130,102.13412
6132,111.46478
6137,79.416115
6139,114.319336
6140,95.2949
6141,112.07951
6142,102.399376
6144,111.08638
6145,95.271286
6146,94.41651
6149,93.4949
6156,95.081985
6159,111.704285
6160,95.2949
6162,102.325874
6164,110.76307
6165,93.969765
6168,79.416115
6169,111.40938
6170,94.556564
6171,112.26405
6172,93.664825
6173,111.57363
6176,95.55014
6177,93.76004
6178,94.61262
6180,94.29226
6181,102.302574
6182,94.18565
6185,94.33002
6186,111.13636
6188,111.0437
6189,95.52747
6192,105.57702
6193,94.54208
6194,102.302574
6195,94.63803
6196,115.34615
6197,94.33002
6201,110.797264
6202,95.30695
6203,111.522446
6204,94.33002
6207,116.574844
6209,94.299255
6210,94.355446
6211,113.17066
6213,111.46852
6216,93.664825
6217,94.8915
6219,94.28527
6222,78.82553
6223,95.52811
6235,95.55014
6240,94.62001
6242,95.2711
6247,94.305115
6251,111.40058
6254,111.31145
6255,95.2711
6260,103.017746
6261,94.71137
6262,103.576706
6264,110.99783
6269,106.679115
6271,105.886765
6275,111.12119
6276,94.426056
6278,94.47913
6279,111.660416
6281,113.07219
6284,94.846756
6286,94.16845
6287,78.70678
6288,94.81952
6292,95.086815
6293,94.33002
6295,95.232025
6298,111.58269
6300,111.06643
6304,103.487076
6308,111.58269
6310,95.30225
6312,111.44321
6320,96.08791
6324,95.26565
6325,113.235664
6330,95.59233
6336,110.79087
6340,103.430984
6341,95.587036
6342,106.58103
6344,94.69381
6345,111.63353
6347,111.660416
6348,94.76777
6349,111.58269
6351,78.82553
6353,111.2758
6354,94.366905
6357,94.627365
6358,103.78582
6360,103.60307
6363,113.46094
6364,94.58368
6368,111.56726
6370,94.498795
6371,95.18322
6377,94.42104
6379,94.41935
6381,95.27487
6382,78.87819
6383,111.38316
6388,112.33496
6390,110.56688
6392,102.362976
6393,95.11143
6395,95.133224
6398,103.09867
6401,78.87819
6402,93.80308
6403,111.491425
6405,95.0393
6406,93.914
6407,112.69601
6409,103.38322
6411,93.90337
6413,94.311966
6416,107.37487
6417,94.222206
6418,94.64998
6419,117.38495
6420,110.54729
6426,110.13601
6429,94.2918
6430,94.05482
6431,110.36319
6432,93.812
6434,95.43688
6437,110.99129
6438,94.20952
6439,103.398155
6440,94.05482
6441,94.093605
6442,110.151505
6443,94.28507
6445,94.00009
6448,111.030014
6450,109.937836
6453,94.951836
6455,94.678635
6457,94.96237
6458,109.86703
6461,94.35399
6464,110.47477
6467,93.91098
6469,95.30847
6470,77.87941
6471,94.89424
6473,103.08181
6474,93.906166
6479,94.17328
6481,94.69661
6484,110.227554
6495,94.21413
6496,109.95079
6505,110.53523
6506,94.03532
6508,94.80164
6509,94.1298
6510,103.15726
6512,103.08181
6513,94.08724
6514,111.54078
6515,94.36582
6519,94.55375
6521,93.87151
6523,78.87691
6525,107.71874
6526,93.76423
6528,93.84736
6529,110.39813
6531,104.806404
6533,107.58873
6534,93.95165
6535,111.030014
6536,94.22728
6537,113.138374
6540,94.48424
6541,110.25493
6547,93.85501
6548,109.658035
6551,110.83288
6553,110.53523
6555,106.768
6556,94.80164
6561,78.88142
6564,94.20246
6565,111.030014
6568,93.86322
6569,110.151505
6573,102.57964
6574,94.09275
6577,109.79651
6579,113.55109
6581,93.69046
6582,110.36319
6585,106.1621
6586,94.921875
6589,102.24897
6590,78.87691
6593,94.64586
6594,109.71847
6595,94.188484
6599,93.45133
6600,93.68047
6601,110.90417
6602,93.79829
6603,111.030014
6604,93.90064
6607,103.08047
6608,103.873474
6609,94.19353
6611,93.46929
6613,110.151505
6614,94.69753
6616,94.26961
6617,110.151505
6618,94.08724
6619,102.55321
6621,106.768
6627,103.41516
6629,110.41093
6631,78.74219
6634,94.472206
6636,94.08724
6638,93.86322
6639,110.151505
6641,111.030014
6642,94.58112
6651,112.370605
6654,79.01033
6657,93.86322
6663,93.61946
6665,109.683044
6666,93.95155
6668,94.08724
6669,104.04002
6670,93.72165
6671,94.55435
6673,94.51544
6675,94.43367
6676,78.82553
6677,94.1954
6679,94.43367
6680,109.93936
6681,102.40418
6685,102.40418
6688,94.117096
6689,94.107956
6690,111.26764
6692,110.64099
6693,93.95291
6694,93.74496
6698,116.215
6699,93.581566
6700,109.974236
6701,94.70113
6702,110.452446
6704,94.107956
6707,110.33995
6712,111.14849
6713,94.04863
6715,94.80465
6721,109.822624
6722,93.53677
6723,110.842224
6724,94.30215
6725,115.525635
6731,110.55402
6735,95.5754
6736,94.80465
6737,103.85241
6738,93.73892
6739,101.41511
6741,102.984856
6743,94.49623
6745,94.00669
6747,109.82457
6749,93.55764
6750,102.09125
6751,115.142555
6752,93.19376
6753,109.83601
6755,111.680565
6756,93.848114
6757,102.585045
6759,110.3126
6761,94.56893
6763,94.781654
6764,114.693565
6765,94.13059
6766,110.387314
6768,110.68876
6771,94.107956
6773,94.02348
6774,93.650505
6778,103.28771
6779,96.24192
6781,93.13186
6784,93.88969
6786,94.4157
6787,109.90847
6790,93.51588
6793,102.29041
6795,109.631805
6798,110.21683
6806,101.80315
6807,93.59588
6810,93.76141
6815,109.36848
6816,93.53333
6817,101.20638
6818,94.16632
6819,101.689316
6820,93.650505
6822,93.47443
6823,114.85419
6824,109.99622
6825,93.69888
6828,79.418724
6829,111.378204
6831,109.176735
6832,93.48682
6833,109.85375
6834,94.781654
6836,95.04184
6837,110.77449
6838,93.90913
6840,100.597534
6843,93.88801
6845,93.84308
6846,93.54575
6847,109.85375
6851,108.63927
6852,93.456696
6853,110.44949
6858,93.927795
6861,110.096054
6863,110.21468
6864,80.550476
6865,94.55487
6866,110.77449
6867,94.77479
6868,101.40606
6869,94.16632
6870,109.99622
6874,109.36848
6875,93.43836
6877,110.31476
6878,93.592064
6880,94.31431
6883,109.4193
6884,93.61267
6886,94.29994
6890,94.70365
6893,109.38299
6894,93.22795
6899,110.31476
6900,93.58604
6904,92.75695
6905,109.5823
6906,93.50357
6910,93.28192
6912,101.41955
6913,112.275925
6920,93.7052
6922,94.18134
6923,109.631805
6926,93.63813
6927,109.38299
6928,93.35766
6931,110.31149
6933,93.681404
6936,93.14273
6937,110.77449
6939,120.79196
6941,94.3689
6942,111.3149
6943,93.46524
6944,100.44112
6945,93.65759
6946,108.97047
6947,114.85419
6949,101.80874
6951,101.651085
6953,111.5134
6954,94.57379
6955,112.20706
6963,109.6557
6964,93.46457
6966,94.88369
6968,93.41842
6970,101.999565
6972,112.346214
6976,110.41033
6978,110.77449
6981,101.46251
6985,102.38458
6986,93.48385
6987,110.5549
6989,110.04791
6991,114.85419
6993,112.77374
6994,93.87772
6995,110.31476
6996,93.54395
6997,111.0312
6998,78.28142
7001,109.4731
7003,109.45143
7006,93.62227
7008,105.49138
7010,93.715744
7011,94.16629
7012,120.90936
7013,93.73098
7014,110.39555
7017,102.57187
7018,93.87936
7019,93.68382
7023,93.65759
7024,100.75949
7025,93.498
7026,110.38749
7027,94.27248
7028,112.28139
7030,109.7477
7031,93.75497
7033,110.08667
7036,93.70055
7037,93.6434
7039,93.68871
7044,94.27248
7045,110.890396
7046,94.88697
7049,102.2747
7050,93.75145
7051,102.42319
7054,109.15463
7055,94.34466
7057,93.701225
7060,110.43066
7061,94.67431
7063,93.004524
7064,109.015915
7067,94.31431
7071,93.57471
7074,102.208984
7075,94.38186
7078,110.890396
7079,93.98062
7080,111.702934
7081,94.51238
7082,110.890396
7083,93.84702
7085,112.893265
7092,102.11294
7094,94.08235
7100,94.294556
7101,108.65654
7102,111.02645
7104,111.04204
7105,94.67431
7106,93.87936
7107,101.9612
7108,77.70244
7109,94.261406
7110,111.02645
7112,93.6085
7113,102.42319
7114,93.60886
7116,111.02645
7117,94.67431
7118,102.697266
7120,94.110985
7121,101.63534
7123,101.87506
7124,94.65916
7127,104.98247
7131,102.08064
7132,93.95283
7133,93.62959
7134,110.650185
7135,93.89447
7136,110.704865
7137,93.33227
7141,94.315674
7144,102.11294
7147,109.116806
7148,93.264984
7150,92.88651
7151,94.02483
7152,102.96557
7154,93.87049
7156,94.230385
7157,103.238625
7159,115.10614
7161,94.90221
7163,93.86491
7164,102.4957
7167,78.42433
7169,102.45994
7170,94.15028
7173,93.93465
7174,102.4009
7177,109.268295
7178,103.41774
7179,93.81027
7180,78.219406
7181,110.11213
7182,93.32809
7184,93.88605
7185,111.1471
7186,93.01901
7187,112.843735
7188,94.148964
7189,110.963455
7191,102.208984
7193,109.38695
7197,94.02192
7199,94.35829
7200,111.02645
7201,93.89447
7204,93.49988
7207,109.382866
7209,110.33059
7210,93.54793
7211,102.71025
7213,92.81074
7214,111.1471
7216,110.84848
7217,93.64694
7220,110.07539
7224,109.7477
7225,93.4578
7226,110.84848
7227,93.68951
7234,111.1471
7236,90.12435
7239,102.33242
7240,94.00376
7242,115.59504
7244,109.70838
7245,92.97897
7247,110.13201
7248,92.96382
7249,115.10614
7250,110.26023
7251,92.88681
7252,110.8649
7253,78.42433
7256,93.71643
7260,94.405334
7261,113.655624
7264,94.050476
7269,109.83252
7270,93.5866
7273,110.07539
7279,93.25254
7281,110.11213
7284,92.23414
7285,111.80591
7286,115.10614
7287,92.67755
7289,93.44939
7292,93.08287
7293,110.739685
7296,93.91922
7297,110.59537
7298,92.31142
7299,115.454506
7301,101.48159
7304,109.75091
7306,113.76518
7308,93.44939
7309,101.29422
7312,92.92951
7313,78.42433
7314,94.05099
7316,93.16924
7319,111.96724
7321,93.282364
7323,94.0571
7324,102.29428
7325,93.345695
7328,101.92184
7330,78.42433
7334,93.345695
7337,111.1471
7338,94.05711
7339,92.83624
7341,92.69623
7342,110.84848
7344,112.979256
7345,109.49422
7347,109.38695
7349,110.11213
7350,93.64311
7353,112.07356
7355,109.38455
7356,94.13114
7357,112.813446
7358,93.71813
7360,92.27735
7363,102.19077
7364,92.921776
7366,93.15775
7368,92.97565
7369,109.72648
7370,93.46187
7373,92.86286
7374,110.18463
7375,93.08763
7377,93.482895
7379,92.6581
7380,114.518875
7382,110.127686
7383,93.069275
7385,92.65849
7386,102.70278
7391,93.13425
7394,107.89957
7396,110.20759
7397,92.7726
7399,93.402374
7400,101.88158
7403,78.42433
7405,109.8338
7408,110.302704
7414,110.27794
7416,101.814804
7417,92.39552
7419,92.69719
7420,106.55084
7421,93.673164
7422,92.921776
7423,101.621506
7425,78.47571
7430,93.80344
7432,92.938866
7433,93.427765
7434,109.43908
7436,109.01583
7437,92.927025
7438,102.06176
7440,102.63132
7441,92.632256
7442,109.889496
7445,110.12398
7446,101.503494
7448,110.286705
7450,101.426674
7451,93.25573
7454,111.09961
7455,93.05403
7457,109.533165
7459,101.503494
7462,92.8149
7464,93.02313
7465,109.2266
7466,92.63564
7467,109.73905
7469,110.02281
7472,92.9813
7473,109.69506
7479,92.91943
7480,102.01898
7484,110.14819
7491,92.63663
7494,102.56276
7495,92.80239
7501,93.069534
7503,92.73767
7504,102.2098
7505,92.79633
7508,110.01252
7509,93.27617
7510,78.42433
7511,109.86473
7515,93.41304
7516,102.668175
7517,92.920006
7518,101.975494
7519,92.63663
7521,92.77701
7522,102.146065
7524,102.87744
7526,102.619545
7527,92.8814
7528,102.66396
7529,92.6904
7534,110.826225
7537,110.6488
7538,93.707596
7540,92.53694
7541,110.01252
7545,110.14433
7551,112.56009
7553,92.82926
7554,101.70639
7555,92.81428
7561,110.06728
7562,93.42821
7564,92.38145
7565,103.70331
7566,93.238716
7567,111.30606
7569,101.60222
7570,92.9115
7571,112.28777
7572,92.54503
7574,102.70221
7578,110.64675
7579,93.30476
7586,92.70695
7587,77.558914
7590,92.45111
7593,109.68663
7594,92.70335
7595,93.238716
7600,92.54614
7601,78.240295
7602,93.59082
7603,111.41672
7604,92.445366
7606,92.69526
7608,112.56009
7613,78.34942
7615,109.74248
7616,108.922554
7617,110.20723
7618,92.695885
7619,102.2098
7622,92.837204
7623,101.68491
7624,92.49112
7625,102.46236
7626,92.82926
7627,102.543434
7628,77.555084
7631,101.61419
7632,102.2098
7633,93.39284
7634,115.03497
7635,93.445175
7636,111.08603
7637,111.08603
7639,92.5014
7640,78.34942
7644,110.96538
7645,93.59082
7648,101.82877
7649,92.939545
7650,110.051056
7652,109.21818
7653,92.73392
7655,92.68472
7659,110.06728
7662,93.51526
7664,93.511215
7666,93.412056
7668,92.66531
7669,111.68001
7670,92.29414
7672,92.351166
7673,109.73313
7678,92.261345
7679,81.065445
7680,103.22338
7683,92.57123
7685,115.13835
7688,92.843735
7690,108.922554
7692,92.45111
7693,93.09827
7695,111.08603
7696,92.616875
7698,92.58822
7699,111.28528
7702,92.86411
7703,110.787415
7704,92.81428
7707,109.771454
7713,78.33892
7715,101.6695
7717,109.94444
7718,93.392654
7719,102.739525
7721,113.2508
7722,93.19698
7725,101.24656
7727,102.202835
7730,78.19242
7733,92.99714
7735,101.372284
7740,110.787415
7741,109.79724
7742,92.30053
7744,109.8295
7747,93.11453
7750,78.359535
7752,110.06728
7754,112.3116
7756,103.1501
7757,93.13556
7758,101.900536
7760,102.81661
7761,92.60117
7763,109.89665
7765,92.52403
7767,110.9516
7768,92.52918
7771,92.778885
7773,92.28322
7774,114.67695
7776,103.459526
7779,92.0971
7783,92.861
7786,106.33731
7787,93.17048
7789,92.174446
7791,92.38785
7793,92.06875
7794,109.88363
7795,92.44123
7799,78.30816
7800,110.29214
7802,93.15658
7805,111.55984
7807,101.15419
7808,92.47445
7811,101.71003
7817,108.788124
7818,101.89272
7819,92.7267
7822,92.12894
7823,109.69095
7825,110.02223
7828,92.409195
7832,93.44432
7833,78.29121
7834,110.37111
7835,92.47176
7837,92.646095
7840,92.58533
7842,93.211365
7843,110.797905
7844,92.45844
7846,92.60117
7850,92.77801
7853,110.62257
7855,112.348755
7858,92.884094
7863,110.146
7865,110.90933
7866,92.87835
7868,92.71552
7869,110.512474
7871,78.30816
7872,100.64854
7874,101.48008
7877,109.709206
7878,93.3638
7879,110.1496
7881,92.56256
7883,92.47104
7885,100.349625
7886,92.71222
7889,93.168495
7890,102.96805
7891,92.64695
7893,92.013084
7894,101.98448
7896,109.90798
7898,101.04894
7901,93.16927
7902,108.95416
7904,111.67935
7905,92.503944
7906,112.7242
7909,92.7267
7910,101.04894
7913,92.591225
7918,110.90933
7919,92.79695
7923,92.5399
7925,92.645966
7927,92.63576
7930,93.062386
7932,93.12737
7933,92.88142
7935,91.947815
7939,101.414894
7942,92.81607
7943,111.58627
7945,101.877625
7946,92.38785
7948,93.11453
7949,109.39978
7950,92.30053
7951,110.94296
7955,101.61658
7959,92.38662
7960,110.64434
7961,92.51097
7962,102.88954
7964,103.93366
7965,92.986275
7966,110.90933
7967,102.13952
7968,92.937294
7971,104.188126
7974,92.79695
7976,107.11632
7978,109.3056
7982,110.64434
7983,92.7267
7984,101.68029
7986,92.94202
7989,109.39978
7991,108.95416
7992,111.42557
7993,93.37456
7994,110.90933
7995,93.44432
7997,92.06918
7998,101.68029
7999,108.6357
8002,93.16005
8007,93.21002
8009,92.566765
8011,93.24286
8013,92.88176
8015,102.06518
8017,110.98068
8019,114.98592
8023,92.174446
8024,110.64434
8026,110.48015
8027,92.40412
8029,92.7984
8030,109.2725
8031,93.13042
8033,93.25968
8035,92.68174
8036,100.86174
8039,102.65334
8042,92.590965
8044,92.798584
8046,78.199036
8048,113.67889
8049,92.503944
8050,101.793625
8053,92.44959
8054,92.47542
8059,92.20029
8061,93.00219
8062,109.86576
8064,109.87125
8066,102.595184
8067,92.67874
8068,92.39031
8070,93.36783
8071,110.62257
8072,92.83273
8076,92.165794
8080,92.54928
8081,110.75935
8084,103.05847
8087,109.73488
8089,92.25798
8090,114.534744
8091,101.79972
8094,117.73033
8100,92.21142
8101,92.8831
8110,92.52422
8111,108.95416
8112,92.66219
8115,110.027245
8116,93.31291
8118,109.87125
8121,115.46008
8125,109.3056
8127,109.78139
8128,92.87692
8129,108.95416
8131,93.06342
8138,92.57885
8139,101.24388
8140,92.20029
8141,92.113785
8142,110.28876
8143,109.600075
8145,110.48015
8146,91.91648
8148,109.98266
8153,110.32154
8154,92.185005
8155,109.111
8161,92.013084
8162,109.66077
8163,92.69419
8166,109.237885
8168,109.72566
8170,92.6633
8172,108.95416
8173,92.62752
8176,101.793625
8179,92.026985
8181,92.60117
8182,114.98592
8184,110.40534
8190,102.81661
8191,92.51511
8194,109.66875
8196,109.70804
8198,110.11908
8199,110.62257
8201,109.92965
8202,92.15555
8207,92.986275
8208,108.95416
8211,109.71686
8214,108.74898
8217,92.026985
8218,109.9871
8222,92.44347
8229,103.73845
8231,93.03645
8233,93.13305
8236,92.0971
8238,110.68883
8240,101.43057
8243,102.28844
8246,113.231735
8250,93.250015
8254,93.19698
8256,78.605606
8257,108.43159
8258,92.5615
8260,92.7267
8261,111.821396
8263,113.94297
8264,92.57885
8267,108.45224
8268,92.13895
8271,92.56178
8272,108.02675
8275,92.61151
8276,92.8831
8277,108.06947
8278,114.505005
8279,92.11872
8280,108.21159
8281,92.80507
8282,107.93501
8287,109.66321
8288,92.62752
8289,109.859245
8294,92.11544
8296,92.113785
8299,109.41933
8302,101.529915
8308,110.26974
8314,102.84384
8315,93.0966
8316,110.67754
8317,93.26646
8319,109.07808
8320,92.35401
8321,116.7953
8323,92.43511
8325,92.09361
8326,111.0299
8328,108.02675
8330,109.762314
8331,92.305984
8332,116.09071
8334,92.524216
8338,92.69419
8339,93.4328
8341,92.47801
8345,113.24086
8346,92.60117
8347,102.79677
8349,92.42317
8351,92.013084
8352,111.40527
8353,108.91152
8355,109.202255
8358,108.26197
8359,111.41786
8360,93.05545
8361,112.253586
8363,102.86171
8364,92.74377
8365,93.289444
8366,101.74235
8370,111.534546
8372,92.013084
8376,93.13556
8377,110.25584
8379,109.950516
8380,92.67511
8381,111.22428
8386,91.89339
8388,102.07059
8389,92.35155
8391,110.83453
8394,93.54892
8396,102.50296
8398,101.27887
8400,111.920685
8401,93.23036
8404,93.05045
8407,93.78425
8408,111.08175
8409,108.91152
8410,102.55009
8411,95.097626
8413,94.65531
8414,109.53939
8416,96.51388
